<?xml version="1.0" encoding="UTF-8" ?>
<!DOCTYPE configuration
  PUBLIC "-//mybatis.org//DTD Config 3.0//EN"
  "http://mybatis.org/dtd/mybatis-3-config.dtd">
<configuration>
    <!-- settings>
        <setting name="logImpl" value="LOG4J"/>        
    </settings -->
    <properties resource="test.properties">
    </properties>

    <typeAliases>
        <typeAlias type='edu.eci.pdsw.samples.entities.Paciente' alias='Paciente'/>
        <typeAlias type='edu.eci.pdsw.samples.entities.Consulta' alias='Consulta'/>
    </typeAliases>

    <environments default="development">
        <environment id="development">
            <transactionManager type="JDBC" />
            <dataSource type="POOLED">
                <property name="driver" value="${driver}" />
                <!--property name="url" value="jdbc:mysql://localhost:3306/video_rental"/!-->
                <property name="url" value="${url}"/>
                <property name="username" value="${username}" />
                <property name="password" value="${password}" />
            </dataSource>
        </environment>
    </environments>

    <mappers>
        <mapper resource="mappers/PacienteMapper.xml"></mapper>
    </mappers>
        
</configuration>